doc_id,source_newsgroup,theme_area,text
1,rec.sport.hockey,Sports,"Well, actually now that you mention it, a few weeks ago the CBC ran a documentary on ""Ice Hockey in Harlem"". the Canadian Club of New York (something like that) sponsors a league for kids in Harlem and based on the TV report they all seemed to be having a lot of fun. All playing with regular equipment, jerseys, etc etc, on a proper outdoor rink."
2,rec.sport.hockey,Sports,Major league baseball has told the Blue Jays and the Expos not to sign Oscar Linares (I think that is his name) ...Canada does not have the restrictions against Cubans that the US has and other major league teams have told the Canadian teams that they would be very unhappy if the Expos or the Blue Jays would do this. Cubans players would not have to defect to play in Canada and could play the 81 home games for the Expos and Blue Jays without any trouble.
3,rec.sport.hockey,Sports,"Markus had a good season in MoDo in the Swedish elite league, scoring As Daryl points out, Markus won't be joining the Pens for this year's playoffs, since the World Championships starts April 18th. But there is a good chance that Markus will join the Pens before next season. MoDo, though, naturally wants to keep their superstars Forsberg and Naslund, so the latest news on this is that MoDo is looking for personal sponsors for Forsberg and Naslund in order to match the kind of money they would receive in NHL."
4,rec.sport.hockey,Sports,"In Detroit, the octopus is a symbol from the old days of the league. In the era of the Original 6, four teams made the playoffs. To win the Cup, a team had to win two seven-game series - in other words it took 8 playoff wins to win the Cup."
5,rec.sport.hockey,Sports,Mike Vernon is now 3 wins 11 losses plus that All-Star game debacle in afternoon games during his career...with another afternoon game with Los Angeles next Sunday...has the ABC deal doomed the Flames?
6,rec.sport.hockey,Sports,"Just curious, Roger, but since you have such a vast knowledge of the game and the league, how come you haven't made a living out of it? There must be a lot of demand for expertise in the field. I'm sure you'd be of great help to, say, the Leafs as an assistant coach or a scout."
7,rec.sport.hockey,Sports,"Golly, I love stupid people. :-) Listen, Rex, this is hockey. The NHL, to be precise. And in the NHL, there exist these things called ""ties"". A tie occurs when a game ends with the score for each team equal."
8,rec.sport.hockey,Sports,"I think that the NY management made a mistake, and remember how Edmonton called Reksa in the middle of the season to win the cup ? Why did they call him? O.K., that was BAD luck. If Penguins have the same kind of luck this year in the playoffs, they'll never win the cup."
9,rec.sport.hockey,Sports,"Well, if things were different and I had my way, the headline would be: ""NHL, European Division regular season game: Stockholm Storm vs. Helsinki Tornado 4-3..."" Two games against every North American-based team (46 in all), and this might have been the ninth and final regular season encounter between Helsinki and Stockholm. The remaining 27 games would involve Paris, Dortmund, Milan..."
10,rec.sport.hockey,Sports,"IMO any good player should score on power plays because of the man advantage. Very good power play scorers tend to become overrated because their point totals are inflated by power play points. +/- tends to expose these overrated players such as Brett Hull, John Cullen and Dave Andreychuck."
11,rec.sport.hockey,Sports,"Why do you say this? As of now, the Pens and Bruins have played the same number of games, and given up the same number of goals. They are tied for the third and fourth best defenses in the league, behind Chicago first and Toronto second."
12,rec.sport.hockey,Sports,"Here is a review of some of the off-ice things that have affected the AHL this year. ST JOHN'S MAPLE LEAFS PROBLEMS The St John's Maple Leafs sophomore season has been plagued by problems. On-ice, the Leafs won the Atlantic Division title but off ice was less happy."
13,rec.sport.hockey,Sports,"The FLYERS blew a 3-0 lead over the Buffalo Sabres in the second period, but Kevin Dineen's 7th career hat trick powered them to their 7th consecutive win, 7-4 over the Sabres who have now lost 7 in a row. Alexander Mogilny led the comeback scoring his 75th and 76th goals of the season which tied the game at 3 in the 2nd period and 4 in the 3rd. Tommy Soderstrom stopped 41 of 45 shots on goal to improve his own record to 20-17-6 as he was tested by Mogilny and LaFontaine all night."
14,sci.space,Space,"SOmebody mentioned a re-boost of HST during this mission, meaning that Weight is a very tight margin on this mission. How will said re-boost be done? Grapple, HST, stow it in Cargo bay, do OMS burn to high altitude, unstow HST, repair gyros, costar install, fix solar arrays, then return to earth?"
15,sci.space,Space,"I have 19 (2 MB worth!) uuencode'd GIF images contain charts outlining one of the many alternative Space Station designs being considered in Crystal City. Mr. Mark Holderman works down the hall from me, and can mholderm@jscprofs.nasa.gov."
16,sci.space,Space,"This notice will be posted weekly in sci.space, sci.astro, and sci.space.shuttle. The Frequently Asked Questions (FAQ) list for sci.space and sci.astro is posted approximately monthly. It also covers many questions that come up on sci.space.shuttle (for shuttle launch dates, see below)."
17,sci.space,Space,"Ethnocentric USian that I am, I've assumed that we and the xUSSR were the only countries with significant capabilities to track non-cooperative objects in low Earth orbit. Grazing in a couple of databases recently, I found that Japan has some optical capabilities along this line, and also uses a radar designed for other purposes for orbital debris surveys (it isn't clear whether the radar can determine orbital elements for the objects it detects). Abstracts of the articles are appended."
18,sci.space,Space,"SSF is up for redesign again. Let's do it right this time! Let's step back and consider the functionality we want: [1] microgravity/vacuum process research [2] life sciences research (adaptation to space) [3] spacecraft maintenence The old NASA approach, explified by Shuttle and SSF so far, was to centralize functionality."
19,sci.space,Space,"There are no Mariner craft from which we are still receiving data. I believe you are referring to one or more of Pioneers 6 through 9 (launched from December 1965 through November 1968), which were put into solar orbits to study interplanetary space. I recall reading that at least one of them was still functioning 25 years after launch."
20,sci.space,Space,"------- Blind-Carbon-Copy To: spacenews@austen.rand.org, cti@austen.rand.org 4/06/93: GIBBONS OUTLINES SPACE STATION REDESIGN GUIDANCE NASA Headquarters, Washington, D.C. Dr. John H."
21,sci.space,Space,"Any lunar satellite needs fuel to do regular orbit corrections, and when its fuel runs out it will crash within months. The orbits of the Apollo motherships changed noticeably during lunar missions lasting only a few days. It is *possible* that there are stable orbits here and there -- the Moon's gravitational field is poorly mapped -- but we know of none."
22,sci.space,Space,"In fact, you probably want to avoid US Government anything for such a project. The pricetag is invariably too high, either in money or in hassles. The important thing to realize here is that the big cost of getting to the Moon is getting into low Earth orbit."
23,sci.space,Space,"Sorry for asking a question that's not entirely based on the technical aspects of space, but I couldn't find the answer on the FAQs ! I'm currently in the UK, which makes seeing a Space Shuttle launch a little difficult..... However, I have been selected to be an exchange student at Louisiana State Uni."
24,sci.space,Space,"Forwarded from Neal Ausman, Galileo Mission Director GALILEO MISSION DIRECTOR STATUS REPORT POST-LAUNCH SPACECRAFT 1. On April 9, real-time commands were sent, as planned, to reacquire celestial reference after completion of the Low Gain Antenna (LGA-2) swing/Dual Drive Actuator (DDA) hammer activities. 2."
25,sci.space,Space,"Suppose the Soviets had managed to get their moon rocket working and had made it first. They could have beaten us if either: * Their rocket hadn't blown up on the pad thus setting them back, and/or * A Saturn V went boom. If they had beaten us, I speculate that the US would have gone head and done some landings, but we also would have been more determined to set up a base (both in Earth Orbit and on the Moon)."
26,sci.space,Space,"The SDIO has ""contracted"" with the NRL (Naval Research Laboratory) to fly the Clementine Mission. BTW we call it DSPSE (Deep Space Project Science Experiment). The NRL is building the spacecraft, designing the detailed mission and doing the integration and operations (with help from, JPL & Goddard & prob."
27,comp.graphics,Computing,Hi. I'm writing a program to convert .dxf files to a database format used by a 3D graphics program I've written. My program stores the points of a polygon in CCW order. I've used 3D Concepts a little and it seems that the points are stored in the order they are drawn.
28,comp.graphics,Computing,"I'm making a customized paint program in DOS and need an algorithm for reading bitmap files like GIF, PCX, or BMP. Does anyone have such an algorithm? I've tried copying one out of a book for reading .PCX format but it doesn't work."
29,comp.graphics,Computing,I downloaded an image of the earth re-constructed from elevation data taken at 1/2 degree increments. The author (not me) wrote some c-code (included) that read in the data file and generated b&w and pseudo color images. They work very well and are not incumbered by copyright.
30,comp.graphics,Computing,"Hello, I just bought a copy. I can't disagree that it is a very good book. But unfortunately I was looking for the same graphics feature is easy to accomodate all the pixel ""descriptor"" (or color attributes) in those modes into A0000-AFFFFF, but not in 640x480x256(which is what I am interested in)."
31,comp.graphics,Computing,"I am writing some utilies to convert Regis and Tektonic esacpe sequences into some useful formats. I would rather not have to goto a bitmap format. I can convert them to Window Meta FIles easily enough, but I would rather convert them to Corel Draw, .CDR, or MS Power Point, .PPT, files."
32,comp.graphics,Computing,"Why didn't you create 8 grey-level images, and display them for This requires the same total exposure time, and the same precision in timing, but drastically reduces the image-preparation time, no?"
33,comp.graphics,Computing,Could someone please help me find a program or figure out how to extract a li st of R G B values for each pixel in an image. I can convert between tga and s everal other popular formats but I need the R G B values for use in a program I am writing. Thanks for the help
34,comp.graphics,Computing,"Let's say you have a scanned image of a line drawing; in this case a boat, but it could be anything. On the drawing you have a set of reference points whose true x,y positions are known. Now you digitize the drawing manually (in this case, using Yaron Danon's excellent Digitize program)."
35,comp.graphics,Computing,"There is a program called Graphic Workshop you can FTP from wuarchive. The file is in the msdos/graphics directory and is called ""grfwk61t.zip."" This program should od everthing you need."
36,comp.graphics,Computing,"On a related topic, I have been searching (with no success) for a specification of the Enhanced Metafile format. I have the original WMF format (Graphics File Formats, Levine et al), but no info on the 32 bit version. Any pointers ?"
37,comp.graphics,Computing,"I was chaining around in the anonymous ftp world looking for 3D Studio meshes and other interesting graphical stuff for the program, and found a few files with the extension 3D2. My 3DS v2.01 doesn't know this type of file, so what are they? And of course, the perennial..."
38,comp.graphics,Computing,I am trying to convert an m-motion (IBM) video file format YUV to RGB THE Y portion is a byte from 0-255 THe color is U and V and the intensity is Y DOes anyone have any ideas for algorhtyms or programs ? Can someone tell me where to get info on the U and V of a television signal ? IF you need more info reply at the e-mail address...
39,comp.graphics,Computing,"hi all, IN SHORT: looking for very fast assembly code for line/circle drawing on SVGA graphics. COMPLETE: I am thinking of a simple but fast molecular graphics program to write on PC or clones. (ball-and-stick type) Reasons: programs that I've seen are far too slow for this purpose."
40,sci.med,Health,"MSG is common in many food we eat, including Chinese (though some oriental restaurants might put a tad too much in them). I've noticed that when I go out and eat in most of the Chinese food restaurants, I will usually get a slight headache and an ununsual thirst afterwards. This happens to many of my friends and relatives too."
41,sci.med,Health,"I need advice with a situation which occurred between me and a physican which upset me. I saw this doctor for a problem with recurring pain. He suggested medication and a course of treatment, and told me that I need to call him 7 days after I begin the medication so that he may monitor its effectiveness, as well as my general health."
42,sci.med,Health,"Herman, I would think you of all people would/could distinguish between ""health"" and ""treatment of disease."" All the prevention medicine people preach this all the time. You cannot buy health. You can buy treatment of disease, assuming you are lucky enough to have a disease which can be treated."
43,sci.med,Health,"I am looking for current sources for lists of all the home medical tests currently legally available. I believe this trend of allowing tests at home where feasible, decreased medical costs by a factor of 10 or more and allows the patient some time and privacy to consider the best action from the results of such tests. In fact I believe home medical tests and certain basic tests for serious diseases such as cancer, heart disease, should be offered free to the American public."
44,sci.med,Health,"rest You don't say whether or not you have any symptoms other than pain. If you have numbness, weakness or bladder problems, for example, these would suggest a need for surgery. If pain is your only symptom you might do well to find a reputable, multi-disciplinary pain clinic in your area."
45,sci.med,Health,"I would say there are also significant numbers of unscrupulous doctors (of the squeaky-clean, traditional crew-cut, talk to the AMA before starting any treatment, kind) who recommend treatments that, though ""accepted"", may not be necessary for the patient at the time. And all for making a quick buck. I would not be surprised if the cost of medical services in the U.S."
46,sci.med,Health,"Several years ago I tried to commit a patient who was growing Salmonella out of his stool, blood, and an open ulcer for treatment. The idea was that the guy was a walking public health risk, and that forcing him to receive IV antibiotics for a few days was in the public interest. I will make a long story short by saying that the judge laughed at my idea, yelled at me for wasting his time, and let the guy go."
47,sci.med,Health,"limits of AZT's efficacy and now suggest using the drug either sequentially with other drugs or in a kind of AIDS treatment ""cocktail"" combining a number of drugs to fight the virus all at once. ""Treating people with AZT alone doesn't happen in the real world anymore,"" said Dr. Mark Jacobson of the University of California--San Francisco."
48,sci.med,Health,I know that the placebo effect is where a patient feels better or even gets better because of his/her belief in the medicine and the doctor administering it. Is there also an anti-placebo effect where the patient dislikes/distrusts doctors and medicine and therefore doesn't get better or feel better in spite of the medicine? Is there an effect where the doctor believes so strongly in a medicine that he/she sees improvement where the is none or sees more improvement than there is?
49,sci.med,Health,"Thanks to all those who responded to my original post on this question. The final diagnosis was Stress. I did not take her for a chiropractic adjustment. (Rachel receives all her medical care at Keller Army Hospital since she is a military dependant, and the Army does not yet provide chiropractic adjustments as part of its regular health care.) I am hoping that the arrival of (1) Spring Break, and (2) College Acceptance Letters, will help."
50,sci.med,Health,"You can probably get this information by calling your public health department in your county (in Pittsburgh, they give the shots free, as well). There are bulletins in medical libraries that give recommendations, or you could call the infectious diseases section of the medicine department of your local medical school. You also will probably want to talk about Malaria prophylaxis."
51,sci.med,Health,"Dyer, you're rude. Medicine is not a totallly scientific endevour. It's often practiced in a disorganized manner. Most early treatment of non-life threatening illness is done on a guess, hazarded after anecdotal evidence given by the patient."
52,sci.med,Health,"Hi: I went to the orthopedist on Tuesday. He diagnosed me as having ""intersection syndrome"". He prescribed Feldene for me. I want to know more about the disease and the drug. Thanks"
